Include (Y/N),Category,
✔︎,System,
✔︎,Gereral,
✔︎,Telemetry,
✔︎,Equipment,
✔︎,Flaps,
✔︎,Throttle,
✔︎,Ailerons,
✔︎,Elevator,
✔︎,Rudder,
✔︎,Rates,
✔︎,Modes,
,Aero,
,Jets,
,Soaring,
✔︎,Multirotor,
✔︎,FPV/Autonomous,
,HELI,
✔︎,Common Mixes,
✔︎,Conjunctions,
,Miscellaneous,
,model_name,
Directory,Filename,Phrase
System,,
en/system,0000,0
en/system,0001,1
en/system,0002,2
en/system,0003,3
en/system,0004,4
en/system,0005,5
en/system,0006,6
en/system,0007,7
en/system,0008,8
en/system,0009,9
en/system,0010,10
en/system,0011,11
en/system,0012,12
en/system,0013,13
en/system,0014,14
en/system,0015,15
en/system,0016,16
en/system,0017,17
en/system,0018,18
en/system,0019,19
en/system,0020,20
en/system,0021,21
en/system,0022,22
en/system,0023,23
en/system,0024,24
en/system,0025,25
en/system,0026,26
en/system,0027,27
en/system,0028,28
en/system,0029,29
en/system,0030,30
en/system,0031,31
en/system,0032,32
en/system,0033,33
en/system,0034,34
en/system,0035,35
en/system,0036,36
en/system,0037,37
en/system,0038,38
en/system,0039,39
en/system,0040,40
en/system,0041,41
en/system,0042,42
en/system,0043,43
en/system,0044,44
en/system,0045,45
en/system,0046,46
en/system,0047,47
en/system,0048,48
en/system,0049,49
en/system,0050,50
en/system,0051,51
en/system,0052,52
en/system,0053,53
en/system,0054,54
en/system,0055,55
en/system,0056,56
en/system,0057,57
en/system,0058,58
en/system,0059,59
en/system,0060,60
en/system,0061,61
en/system,0062,62
en/system,0063,63
en/system,0064,64
en/system,0065,65
en/system,0066,66
en/system,0067,67
en/system,0068,68
en/system,0069,69
en/system,0070,70
en/system,0071,71
en/system,0072,72
en/system,0073,73
en/system,0074,74
en/system,0075,75
en/system,0076,76
en/system,0077,77
en/system,0078,78
en/system,0079,79
en/system,0080,80
en/system,0081,81
en/system,0082,82
en/system,0083,83
en/system,0084,84
en/system,0085,85
en/system,0086,86
en/system,0087,87
en/system,0088,88
en/system,0089,89
en/system,0090,90
en/system,0091,91
en/system,0092,92
en/system,0093,93
en/system,0094,94
en/system,0095,95
en/system,0096,96
en/system,0097,97
en/system,0098,98
en/system,0099,99
en/system,0100,100
en/system,0101,200
en/system,0102,300
en/system,0103,400
en/system,0104,500
en/system,0105,600
en/system,0106,700
en/system,0107,800
en/system,0108,900
en/system,0109,thousand
en/system,0110,and
en/system,0111,minus
en/system,0112,point
en/system,volt0,volt
en/system,volt1,volts
en/system,amp0,amp
en/system,amp1,amps
en/system,mamp0,milliamp
en/system,mamp1,milliamps
en/system,knot0,knot
en/system,knot1,knots
en/system,mps0,meter per second
en/system,mps1,meters per second
en/system,fps0,foot per second
en/system,fps1,feet per second
en/system,kph0,kilometer per hour
en/system,kph1,kilometers per hour
en/system,mph0,mile per hour
en/system,mph1,miles per hour
en/system,meter0,meter
en/system,meter1,meters
en/system,foot0,foot
en/system,foot1,feet
en/system,celsius0,degree celsius
en/system,celsius1,degrees celsius
en/system,fahr0,degree fahrenheit
en/system,fahr1,degrees fahrenheit
en/system,percent0,percent
en/system,percent1,percent
en/system,mamph0,milliamp-hour
en/system,mamph1,milliamp-hours
en/system,watt0,watt
en/system,watt1,watts
en/system,mwatt0,milli-watt
en/system,mwatt1,milli-watts
en/system,db0,D B
en/system,db1,D B
en/system,rpm0,r p m
en/system,rpm1,r p m
en/system,g0,g
en/system,g1,g
en/system,degree0,degree
en/system,degree1,degrees
en/system,rad0,radian
en/system,rad1,radians
en/system,ml0,milliliter
en/system,ml1,milliliters
en/system,founce0,fluid ounce
en/system,founce1,fluid ounces
en/system,hour0,hour
en/system,hour1,hours
en/system,minute0,minute
en/system,minute1,minutes
en/system,second0,second
en/system,second1,seconds
en/system,0167,point zero
en/system,0168,point one
en/system,0169,point two
en/system,0170,point three
en/system,0171,point four
en/system,0172,point five
en/system,0173,point six
en/system,0174,point seven
en/system,0175,point eight
en/system,0176,point nine
en/system,midtrim,trim center
en/system,maxtrim,maximum trim reached
en/system,mintrim,minimum trim reached
en/system,timovr1,timer 1 elapsed
en/system,timovr2,timer 2 elapsed
en/system,timovr3,timer 3 elapsed
en/system,lowbatt,transmitter battery low
en/system,inactiv,inactivity alarm
en/system,thralert,throttle warning
en/system,swalert,switch warning
en/system,eebad,bad eeprom
en/system,hello,Welcome to open tea ex!
en/system,rssi_org,"RF signal, low"
en/system,rssi_red,"RF signal, critical"
en/system,swr_red,radio antenna defective
en/system,telemko,telemetry lost
en/system,telemok,telemetry recovered
en/system,trainko,trainer signal lost
en/system,trainok,trainer signal recovered
en/system,sensorko,sensor lost
en/system,servoko,servo overload
en/system,rxko,power overload
en,gearup,"gear!, up!"
en,geardn,"gear!, down!"
en,flapup,"flaps!, up!"
en,flapdn,"flaps!, down!"
en,splrup,"spoiler!, up!"
en,splrdn,"spoiler!, down!"
en,trnon,"trainer!, on!"
en,trnoff,"trainer!, off!"
en,engoff,"engine!, off!"
en,tohigh,too. high!
en,tolow,too. low!
en,lowbat,low. battery!
en,crowon,"crow!, on!"
en,crowof,"crow!, off!"
en,siglow,"rf. signal!, low!"
en,sigcrt,"rf. signal!, critical!"
en,spdmod,"high. speed. mode!, active"
en,thmmod,"thermal. mode!, on"
en,nrmmod,"normal. mode!, on"
en,lnding,"landing. mode!, on"
en,acro,"acro. mode!, on"
en,fm-1,flight mode one
en,fm-2,flight mode two
en,fm-3,flight mode three
en,fm-4,flight mode four
en,fm-5,flight mode five
en,fm-6,flight mode six
en,fm-7,flight mode seven
en,fm-8,flight mode eight
en,vrion,"vario!, on"
en,vrioff,"vario!, off"
en,fm-pwr,flight mode power
en,fm-lnd,flight mode land
en,fm-flt,flight mode float
en,fm-spd,flight mode speed
en,fm-fst,flight mode fast
en,fm-nrm,flight mode normal
en,fm-crs,flight mode cruise
en,fm-acr,flight mode acro
en,fm-rce,flight mode race
en,fm-lch,flight mode launch
en,fm-png,flight mode ping
en,fm-thm,flight mode thermal
en,fm-thl,flight mode thermal left
en,fm-thr,flight mode thermal right
en,fm-thm,flight mode! thermal
en,fm-thl,flight mode! thermal left
en,fm-thr,flight mode! thermal right
,,
en/system,timer10,ten seconds
en/system,timer20,twenty seconds
en/system,timer30,thirty seconds
en/system,timerlt3,time is up
Gereral,,
en,opentx,OpenTx
en,intmodl,Internal module
en,extmodl,External module
en,deplyd,deployed
en,good,good
en,bad,bad
en,ugly,ugly
en,situ,situation
en,pos,positive
en,neg,negative
en,enabled,enabled
en,disabled,disabled
en,on,on
en,off,off
en,sitnorm,situation normal
en,stblon,stabilization on
en,stbloff,stabilization off
en,takoff,Takeoff
en,cplton,co-pilot on
en,cpltoff,co-pilot off
en,race,race
en,racemd,racemode
en,racing,racing
en,actv,active
en,actvd,activated
en,dactvd,deactivated
en,eng,engaged
en,dseng,disengage
en,whtvr,whatever
en,fxdwng,fixed wing
en,sprtsfl,sports flying
en,pylnrc,pylon racing
en,seapl,Seaplane
en,vintg,Vintage
en,warbrd,warbird
en,sim,simulator
en,sclmod,scale model
en,bklght,back light on
en,stopped,stopped
en,reset,reset
en,danger,Danger!
en,buzzer,Buzzer
en,buzzon,Buzzer On
en,buzzoff,Buzzer Off
en,timron,Timer On
en,timroff,Timer Off
en,timrone,Timer One
en,timrtwo,Timer Two
en,timlnd,It is time for you to land
en,timlnd2,You really should think about landing
en,cmnglnd,Coming in for landing
en,deadstk,Dead Stick!
en,timup,time up
en,timisup,time is up
en,rxbatlow,receiver battery low
en,rxbatcrt,receiver battery critical
en,trn,trainer
en,trnint,instructor
en,trng,training
en,trngintg,instructing
en,trninst,instructors plane
en,trnstd,students plane
en,lights,lights
en,lightson,lights on
en,lightsof,lights off
Telemetry,,
en,lwstcell,Lowest cell...
en,battcns,Battery consumption...
en,packvlt,Pack voltage...
en,currdrw,Current draw...
en,pwrrd,Power reading...
Equipment,,
en,batcrit,battery critical
en,batlow,low battery
en,geardn,gear down
en,gearup,gear up
en,camcentr,camera centered
en,camfix,camera fixed
en,camman,camera manual
en,camon,camera on
en,camoff,camera off
en,gmblact,gimbal active
en,gmbl,gimbal on
en,gmblon,gimbal on
en,gmbloff,gimbal off
en,gps,GPS
en,bomb,bomb
en,bombrel,bombs released
en,bombawy,bombs away
en,bombby,bombbay doors
en,bombbyop,bombbay doors open
en,bombbycl,bombbay doors closed
en,cargo,cargo door
en,cargoopn,cargo door open
en,cargocld,cargo door closed
en,smokeon,smoke on
en,smokeoff,smoke off
en,pchtdep,parachute deployed
en,brmtron,barometer on
en,brmtrof,barometer off
en,mgohm,magnet O meter
en,mgohmon,magnet O meter on
en,mgohmof,magnet O meter off
en,mgmtr,magnetometer
en,mgmtron,magnetometer on
en,mgmtrof,magnetometer off
en,cmpss,compass
en,cmpsson,compass on
en,cmpssof,compass off
Flaps,,
en,flapsup,flaps up
en,flapsdn,flaps down
en,flaps1,flaps One
en,flaps2,flaps Two
en,flapsdep,flaps deployed
en,flaphlf,flaps half
en,flapfll,flaps full
en,flpnorm,flaps normal
en,flpail,flaps synced with ailerons
en,flaps,flaps
Ailerons,,
en,srf_ail,aileron
en,srf_ails,ailerons
en,ailhgh,aileron high
en,ailmed,aileron medium
en,aillow,aileron low
Elevator,,
en,srf_elv,elevator
en,elehigh,elevator high
en,elemed,elevator medium
en,elelow,elevator low
Rudder,,
en,srf_rud,rudder
en,rudhgh,rudder high
en,rudmed,rudder medium
en,rudlow,rudder low
Throttle,,
en,srf_thr,throttle
en,thract,throttle active
en,thrhold,throttle hold
en,thrrel,throttle release
en,idlup,idle up
en,idlup1,idle up 1
en,idlup2,idle up 2
en,idldwn,idle down
en,ignact,ignition active
en,ignon,ignition on
en,ignoff,ignition off
en,thrdis,throttle disabled
en,engarm,armed
en,engsarm,engines armed
en,engdisa,disarmed
en,engsdisa,engines disarmed
en,engdis,engine disabled
en,engsdis,engines disabled
en,engon,engine on
en,engoff,engine off
en,engson,engines on
en,engsoff,engines off
Rates,,
en,lowrates,low rates
en,rateslow,low rates
en,midrates,middle rates
en,ratesmid,middle rates
en,hirates,high rates
en,rateshi,high rates
en,ratesnrm,normal rates
en,ratesstd,standard rates
en,3drtson,3D rates on
en,3drtsoff,3D rates off
en,3drtsact,3D rates active
en,expoon,expo on
en,expooff,expo off
Modes,,
en,fs,failsafe
en,fson,failsafe on
en,fsoff,failsafe off
en,mode,mode
en,mdon,mode on
en,mdoff,mode off
en,mdact,mode active
en,ftmd,flight mode
en,ftmd1,flight mode one
en,ftmd2,flight mode two
en,ftmd2,flight mode three
en,ftmd3,flight mode four
en,ftmd4,flight mode five
en,ftmd5,flight mode six
en,ftmd6,flight mode seven
en,ftmd7,flight mode eight
en,ftmd9,flight mode nine
en,mode0,mode zero
en,mode1,mode one
en,mode2,mode two
en,mode3,mode three
en,mode4,mode four
en,mode5,mode five
en,mode6,mode six
en,mode7,mode seven
en,mode8,mode eight
en,mode9,mode nine
en,stnton,stunt mode on
en,stntoff,stunt mode off
en,stntact,stunt mode active
en,mdtrng,training mode
en,mdtrngin,instructing mode
en,mdnrmm,normal mode
en,mdstable,stabilisation mode
en,mdstab,stable mode
en,mdautolv,auto level mode
en,mdhvr,hover mode
en,mdknfedg,knife edge mode
en,mdthrml,thermal mode
en,mdlndg,landing mode
en,mdspeed,speed mode
en,mdlnch,launch mode
en,mdcruz,cruise mode
en,mdloitr,loiter mode
en,mdzoom,zoom mode
en,mdseek,seek mode
en,mdclmb,climbing mode
en,mdgps,gps mode
en,mdatt,attitude mode
en,mdratt,rattitude mode
en,mdslfl,self level mode
en,mdslflv,self level mixing mode
en,mdwkslfl,weak self level mode
en,mdarco,arco mode
en,mdtaxi,taxi mode
en,mdpastru,pass thru mode
en,pastru,pass thru
,,
Multirotor,,
en,mltrtr,multirotor
en,quadc,quadcopter
en,tric,tricopter
en,hexc,hexacopter
en,octc,octocopter
en,stblz,stabilize
en,stblzmd,stabilize mode
en,slflvl,self level mode
en,slflvlm,self level mixing mode
en,acro,acro
en,acromd,acro mode
en,rate,rate
en,ratemd,rate mode
en,angl,angle
en,anglmd,angle mode
en,hrzn,horizon
en,hrznmd,horizon mode
en,hybrd,hybrid
en,hybrdmd,hybrid mode
en,drft,drift
en,drftmd,drift mode
en,sprt,sport
en,sprtmd,sport mode
en,air,air
en,airmd,air mode
en,auto,auto
en,automd,auto mode
en,auttn,auto tune
en,auttnmd,auto tune mode
en,gtune,g-tune
en,gtunemd,g-tune mode
en,tuning,tuning
en,tuningmd,tuning mode
en,pid,P.I.D.
en,pids,P.I.D.'s
en,pid_p,P
en,pid_pp,pproportional
en,pid_i,I
en,pid_ii,integral
en,pid_d,D
en,pid_dd,derivative
en,roll,roll
en,pitch,pitch
en,pitchrol,pitch and roll
en,yaw,yaw
en,blackbox,blackbox
en,blackbon,blackbox on
en,blackbof,blackbox off
en,blacklog,blackbox logging
en,logging,logging
en,logon,logging on
en,logoff,logging off
FPV/Autonomous,,
en,fpv,FPV
en,uav,UAV
en,fbwa,fly by wire a
en,fbwb,fly by wire b
en,crcl,circle
en,crclmd,circle mode
en,waypt,waypoint
en,clmbmd,climbing mode
en,autort,auto rotation
en,althld,altitude hold
en,althldon,altitude hold on
en,althldof,altitude hold off
en,poshld,position hold
en,gps,gps
en,gpsmd,gps mode
en,gpshld,gps hold
en,gpsphld,gps position hold
en,phld,position hold
en,gpsrth,gps return to home
en,rth,return to home
en,attmd,attitude mode
en,fpvf,from pilots view
en,gidd,guided
en,giddmd,guided mode
en,flwme,follow me
en,flwmemd,follow me mode
en,headfr,head free
en,headfrmd,head free mode
en,headadjd,heading adjusted
en,headadj,head adjust
en,led,l.e.d.
en,ledon,l.e.d. on
en,ledoff,l.e.d. off
en,leds,l.e.d.'s
en,ledson,l.e.d.'s on
en,ledsoff,l.e.d'.s off
en,osd,osd
en,osdon,osd on
en,osdoff,osd off
Common Mixes,,
en,rudcail,rudder coupled to ailerons
en,ail2rud,ailerons mixed with rudder
en,ele2flr,elevator mixed with flaperons
en,ele2flp,elevator mixed with flaps
en,knfedge,Knife Edge
en,knfedgm,Knife Edge Mix
en,flaprns,Flaperons
en,difthru,differential thrust
Conjunctions,,
en,mxdwth,... mixed with ...
en,cpldwth,... coupled with ...
en,mix,... mix
en,mixed,... mixed
en,mixing,... mixing
en,with,... with ..
en,in,... in ...
en,tuning,tuning ...
en,tuned,tuned ...
en,adjusted,adjusting ...
en,adjustng,adjusted ...
en,incring,increasing
en,incred,increased
en,decring,decreasing
en,decred,decreased
,,
,,
port-from-23,,
en/SYSTEM,mlpm0,milliliter per minute
en/SYSTEM,mlpm1,milliliters per minute
en/SYSTEM,hertz0,hertz
en/SYSTEM,hertz1,hertz
en/SYSTEM,ms0,milisecond
en/SYSTEM,ms1,miliseconds
en/SYSTEM,us0,microsecond
en/SYSTEM,us1,microseconds
en/SYSTEM,km0,kilometer
en/SYSTEM,km1,kilometers
en/SYSTEM,modelpwr,receiver still connected
en/armed.wav,armed
en/disarm.wav,disarmed
en/thrcut.wav,throttle  cut
en/lq.wav,LQ
en/rfmode.wav,RF mode
en/fm-stb.wav,flight mode stabilize
en/fm-hor.wav,flight mode horizon
en/fm-ang.wav,flight mode angle
en/fm-id1.wav,flight mode idle up 1
en/fm-id2.wav,flight mode idle up 2
en/ratlow.wav,low rate
en/ratmed.wav,medium rate
en/rathi.wav,high rate
,,
,,
custom-mike,,
en,crsfDynOn,dynamic power on
en,crsfDynOff,dynamic power off
en,crsfPowerInc,tx power increased
en,snrlow,SNR. low!
en,snrcrit,SNR. critical!
en,snr,SNR
en,fligtm,'flight time
en,rfmd2,'RFMD 2
en,rfmd1,'rfmd 1
en,siglow,'signal low
en,sigcrt,'signal critical
en,siglst,'signal lost
en,ignact,'ignition active
en,armed,'armed
en,scnsht,'screen shot
en,vtxmax,'VTX high power
en,3sbatm,'3S battery mode
en,trlmod,'turtle mode
en,lvlmod,'level
en,fbwa,fly by wire
,,
custom-tecs,,
en,tecs1,continue in Fly by Wire and fly level at desired cruise speed
en,tecs2,now accelerate to your desired maximum cruise speed
en,tecs3,keep the throttle at 
en,tecs3.1,and start climbing until your airspeed reaches 
en,tecs4,slow down. and start turning at full bank angle, until plane gets unstable
en,tecs5,gain some altitude. then cut throttle and pitch down gently until airspeed reaches
en,tecs6,continue with zero throttle and pitch down more until airspeed reaches
en,tecs7,fly as fast as possible while maintaining constant altitude
en,tecsf,done. read the tex from your display





